stem	cohort	treatment	egg_mass	egg_mass_cohort
UHM102.10840	WF22	STP1710.7	3	WF22_EM3
UHM102.35766	WF22	STP1710.7	3	WF22_EM3
UHM102.35767	WF22	STP1710.7	3	WF22_EM3
UHM125.35768	WF22	STP1717.1	1	WF22_EM1
UHM125.35769	WF22	STP1717.1	1	WF22_EM1
UHM125.35770	WF22	STP1717.1	1	WF22_EM1
UHM145.35771	WF22	STP1717.1	2	WF22_EM2
UHM145.35772	WF22	STP1717.1	2	WF22_EM2
UHM145.35773	WF22	STP1717.1	2	WF22_EM2
UHM17.10826	WF22	STP1710.7	3	WF22_EM3
UHM17.35739	WF22	STP1710.7	3	WF22_EM3
UHM17.35740	WF22	STP1710.7	3	WF22_EM3
UHM18.10827	WF22	STP1717.1	3	WF22_EM3
UHM18.35741	WF22	STP1717.1	3	WF22_EM3
UHM18.35742	WF22	STP1717.1	3	WF22_EM3
UHM20.10828	WF22	STP1710.7	3	WF22_EM3
UHM20.35743	WF22	STP1710.7	3	WF22_EM3
UHM20.35744	WF22	STP1710.7	3	WF22_EM3
UHM22.35745	WF22	control	2	WF22_EM2
UHM22.35746	WF22	control	2	WF22_EM2
UHM22.35747	WF22	control	2	WF22_EM2
UHM31.10830	WF22	STP1717.1	1	WF22_EM1
UHM31.35748	WF22	STP1717.1	1	WF22_EM1
UHM31.35749	WF22	STP1717.1	1	WF22_EM1
UHM36.10832	WF22	control	3	WF22_EM3
UHM36.35750	WF22	control	3	WF22_EM3
UHM36.35751	WF22	control	3	WF22_EM3
UHM38.10833	WF22	control	3	WF22_EM3
UHM38.35752	WF22	control	3	WF22_EM3
UHM38.35753	WF22	control	3	WF22_EM3
UHM40.10834	WF22	STP1717.1	3	WF22_EM3
UHM40.35754	WF22	STP1717.1	3	WF22_EM3
UHM40.35755	WF22	STP1717.1	3	WF22_EM3
UHM41.10835	WF22	STP1710.7	3	WF22_EM3
UHM41.35756	WF22	STP1710.7	3	WF22_EM3
UHM41.35757	WF22	STP1710.7	3	WF22_EM3
UHM45.10838	WF22	STP1710.7	3	WF22_EM3
UHM45.35758	WF22	STP1710.7	3	WF22_EM3
UHM45.35759	WF22	STP1710.7	3	WF22_EM3
UHM56.35760	WF22	control	1	WF22_EM1
UHM56.35761	WF22	control	1	WF22_EM1
UHM72.35762	WF22	control	2	WF22_EM2
UHM72.35763	WF22	control	2	WF22_EM2
UHM72.35764	WF22	control	2	WF22_EM2
UHM554.40991	WF23	UHM520.7734	3	WF23_EM3
UHM558.40992	WF23	Control	3	WF23_EM3
UHM562.40993	WF23	UHM520.7734	3	WF23_EM3
UHM563.40994	WF23	Control	3	WF23_EM3
UHM564.40995	WF23	Control	3	WF23_EM3
UHM565.40996	WF23	Control	3	WF23_EM3
UHM570.40997	WF23	Control	3	WF23_EM3
UHM572.40998	WF23	UHM520.7734	3	WF23_EM3
UHM573.40999	WF23	UHM520.7734	3	WF23_EM3
UHM574.41000	WF24	7	4	WF24_EM4
UHM575.41001	WF24	6	4	WF24_EM4
UHM577.41002	WF24	3	4	WF24_EM4
UHM578.41003	WF24	3	4	WF24_EM4
UHM580.41004	WF24	7	4	WF24_EM4
UHM581.41005	WF24	2	4	WF24_EM4
UHM582.41006	WF24	5	4	WF24_EM4
UHM583.41007	WF24	1	4	WF24_EM4
UHM584.41008	WF24	1	4	WF24_EM4
UHM585.41009	WF24	2	4	WF24_EM4
UHM586.41010	WF24	4	4	WF24_EM4
UHM587.41011	WF24	5	4	WF24_EM4
UHM590.41012	WF24	7	2	WF24_EM2
UHM591.41013	WF24	3	4	WF24_EM4
UHM594.41014	WF24	6	4	WF24_EM4
UHM596.41015	WF24	3	4	WF24_EM4
UHM598.41016	WF24	4	4	WF24_EM4
UHM607.41017	WF24	6	4	WF24_EM4
UHM608.41018	WF24	1	4	WF24_EM4
UHM610.41019	WF24	1	2	WF24_EM2
UHM611.41020	WF24	7	4	WF24_EM4
UHM615.41021	WF24	2	4	WF24_EM4
UHM616.41022	WF24	5	4	WF24_EM4
UHM617.41023	WF24	4	4	WF24_EM4
UHM624.41024	WF24	2	2	WF24_EM2
UHM626.41025	WF24	5	4	WF24_EM4
UHM628.41026	WF24	7	4	WF24_EM4
UHM632.41027	WF24	2	4	WF24_EM4
UHM633.41028	WF24	5	4	WF24_EM4
UHM634.41029	WF24	4	4	WF24_EM4
UHM636.41030	WF24	3	4	WF24_EM4
UHM644.41031	WF24	6	4	WF24_EM4
UHM648.41909	WF24	1	4	WF24_EM4
UHM649.41032	WF24	4	4	WF24_EM4
UHM656.41033	WF24	7	4	WF24_EM4
UHM666.41034	WF24	6	4	WF24_EM4
