stem	animal	treatment	egg_mass	month
UHM102.10840	UHM102	STP1710.7	3	1
UHM102.35766	UHM102	STP1710.7	3	2
UHM102.35767	UHM102	STP1710.7	3	3
UHM125.35768	UHM125	STP1717.1	1	1
UHM125.35769	UHM125	STP1717.1	1	2
UHM125.35770	UHM125	STP1717.1	1	3
UHM145.35771	UHM145	STP1717.1	2	1
UHM145.35772	UHM145	STP1717.1	2	2
UHM145.35773	UHM145	STP1717.1	2	3
UHM17.10826	UHM17	STP1710.7	3	1
UHM17.35739	UHM17	STP1710.7	3	2
UHM17.35740	UHM17	STP1710.7	3	3
UHM18.10827	UHM18	STP1717.1	3	1
UHM18.35741	UHM18	STP1717.1	3	2
UHM18.35742	UHM18	STP1717.1	3	3
UHM20.10828	UHM20	STP1710.7	3	1
UHM20.35743	UHM20	STP1710.7	3	2
UHM20.35744	UHM20	STP1710.7	3	3
UHM22.35745	UHM22	control	2	1
UHM22.35746	UHM22	control	2	2
UHM22.35747	UHM22	control	2	3
UHM31.10830	UHM31	STP1717.1	1	1
UHM31.35748	UHM31	STP1717.1	1	2
UHM31.35749	UHM31	STP1717.1	1	3
UHM36.10832	UHM36	control	3	1
UHM36.35750	UHM36	control	3	2
UHM36.35751	UHM36	control	3	3
UHM38.10833	UHM38	control	3	1
UHM38.35752	UHM38	control	3	2
UHM38.35753	UHM38	control	3	3
UHM40.10834	UHM40	STP1717.1	3	1
UHM40.35754	UHM40	STP1717.1	3	2
UHM40.35755	UHM40	STP1717.1	3	3
UHM41.10835	UHM41	STP1710.7	3	1
UHM41.35756	UHM41	STP1710.7	3	2
UHM41.35757	UHM41	STP1710.7	3	3
UHM45.10838	UHM45	STP1710.7	3	1
UHM45.35758	UHM45	STP1710.7	3	2
UHM45.35759	UHM45	STP1710.7	3	3
UHM56.35760	UHM56	control	1	2
UHM56.35761	UHM56	control	1	3
UHM72.35762	UHM72	control	2	1
UHM72.35763	UHM72	control	2	2
UHM72.35764	UHM72	control	2	3
