stem	animal	wf_year	egg_mass	treatment	tank	metamorphosis_date
UHM554.40991	UHM554	WF23	3	UHM520.7734	6.0	2023-04-07
UHM558.40992	UHM558	WF23	3	Control	5.0	2023-04-17
UHM562.40993	UHM562	WF23	3	UHM520.7734	5.0	2023-04-21
UHM563.40994	UHM563	WF23	3	Control	6.0	2023-04-21
UHM564.40995	UHM564	WF23	3	Control	6.0	2023-04-24
UHM565.40996	UHM565	WF23	3	Control	6.0	2023-04-26
UHM570.40997	UHM570	WF23	3	Control	6.0	2023-05-19
UHM572.40998	UHM572	WF23	3	UHM520.7734	5.0	2023-05-30
UHM573.40999	UHM573	WF23	3	UHM520.7734	6.0	2023-06-02
UHM574.41000	UHM574	WF24	4	7	4.1	2024-04-07
UHM575.41001	UHM575	WF24	4	6	4.1	2024-04-14
UHM577.41002	UHM577	WF24	4	3	4.1	2024-04-17
UHM578.41003	UHM578	WF24	4	3	4.2	2024-04-19
UHM580.41004	UHM580	WF24	4	7	4.2	2024-04-21
UHM581.41005	UHM581	WF24	4	2	4.2	2024-04-21
UHM582.41006	UHM582	WF24	4	5	4.1	2024-04-21
UHM583.41007	UHM583	WF24	4	1	4.2	2024-04-21
UHM584.41008	UHM584	WF24	4	1	4.1	2024-04-21
UHM585.41009	UHM585	WF24	4	2	4.1	2024-04-21
UHM586.41010	UHM586	WF24	4	4	4.1	2024-04-22
UHM587.41011	UHM587	WF24	4	5	4.2	2024-04-22
UHM590.41012	UHM590	WF24	2	7	2.0	2024-04-23
UHM591.41013	UHM591	WF24	4	3	4.1	2024-04-25
UHM594.41014	UHM594	WF24	4	6	4.2	2024-04-25
UHM596.41015	UHM596	WF24	4	3	4.2	2024-04-26
UHM598.41016	UHM598	WF24	4	4	4.2	2024-04-26
UHM607.41017	UHM607	WF24	4	6	4.2	2024-04-29
UHM608.41018	UHM608	WF24	4	1	4.2	2024-04-29
UHM610.41019	UHM610	WF24	2	1	2.0	2024-04-29
UHM611.41020	UHM611	WF24	4	7	4.1	2024-05-01
UHM615.41021	UHM615	WF24	4	2	4.2	2024-05-01
UHM616.41022	UHM616	WF24	4	5	4.2	2024-05-01
UHM617.41023	UHM617	WF24	4	4	4.2	2024-05-01
UHM624.41024	UHM624	WF24	2	2	2.0	2024-05-02
UHM626.41025	UHM626	WF24	4	5	4.1	2024-05-05
UHM628.41026	UHM628	WF24	4	7	4.2	2024-05-05
UHM632.41027	UHM632	WF24	4	2	4.2	2024-05-06
UHM633.41028	UHM633	WF24	4	5	4.2	2024-05-06
UHM634.41029	UHM634	WF24	4	4	4.1	2024-05-07
UHM636.41030	UHM636	WF24	4	3	4.1	2024-05-08
UHM644.41031	UHM644	WF24	4	6	4.1	2024-05-09
UHM648.41909	UHM648	WF24	4	1	4.2	2024-05-11
UHM649.41032	UHM649	WF24	4	4	4.2	2024-05-11
UHM656.41033	UHM656	WF24	4	7	4.1	2024-05-14
UHM666.41034	UHM666	WF24	4	6	4.2	2024-05-19
