stem	cohort	run	center	platform	raw_reads	clean_reads	pct_kept	clean_len_mean	gc_mean	n_proteins
UHM102.10840	WF22	UCB_20230815	UCB	Illumina	108474432	94084868	86.73	114.73	53.44	218234
UHM102.35766	WF22	UCD_20240726	UCD	Illumina	249093312	247422396	99.33	146.45	43.18	449086
UHM102.35767	WF22	UCD_20240726	UCD	Illumina	206099670	203997994	98.98	144.98	42.91	453509
UHM125.35768	WF22	UCD_20240726	UCD	Illumina	119719680	118657766	99.11	142.41	49.45	311710
UHM125.35769	WF22	UCD_20240726	UCD	Illumina	230195922	229333426	99.63	146.83	50.84	612884
UHM125.35770	WF22	UCD_20240726	UCD	Illumina	272759956	272348428	99.85	149.19	51.23	570809
UHM145.35771	WF22	UCD_20240726	UCD	Illumina	241382878	239974858	99.42	144.07	51.54	366854
UHM145.35772	WF22	UCD_20240726	UCD	Illumina	267173926	263702000	98.70	142.11	54.53	307645
UHM145.35773	WF22	UCD_20240726	UCD	Illumina	204228178	202362104	99.09	143.49	56.55	477118
UHM17.10826	WF22	UCB_20230815	UCB	Illumina	276861006	274441658	99.13	144.34	51.45	590098
UHM17.35739	WF22	UCD_20240722	UCD	Illumina	138666278	137747284	99.34	142.99	50.80	282080
UHM17.35740	WF22	UCD_20240722	UCD	Illumina	201774538	199099656	98.67	138.86	48.30	436307
UHM18.10827	WF22	UCB_20230815	UCB	Illumina	186354716	185005688	99.28	145.85	48.80	319516
UHM18.35741	WF22	UCD_20240722	UCD	Illumina	215347048	212983932	98.90	139.25	46.52	334320
UHM18.35742	WF22	UCD_20240722	UCD	Illumina	215300126	210219022	97.64	135.91	45.63	492295
UHM20.10828	WF22	UCB_20230815	UCB	Illumina	378380716	377684638	99.82	148.82	49.06	389555
UHM20.35743	WF22	UCD_20240722	UCD	Illumina	190570228	188484650	98.91	140.72	48.62	360012
UHM20.35744	WF22	UCD_20240722	UCD	Illumina	184403294	183084088	99.28	142.97	50.67	491035
UHM22.35745	WF22	UCD_20240722	UCD	Illumina	149792702	149670092	99.92	148.49	52.52	301858
UHM22.35746	WF22	UCD_20240722	UCD	Illumina	185861480	184152840	99.08	143.44	50.30	330377
UHM22.35747	WF22	UCD_20240722	UCD	Illumina	155740138	154813250	99.40	144.00	49.57	322015
UHM31.10830	WF22	UCB_20230815	UCB	Illumina	123770174	120488890	97.35	145.18	50.02	275141
UHM31.35748	WF22	UCD_20240722	UCD	Illumina	152456240	150125338	98.47	135.55	49.23	289454
UHM31.35749	WF22	UCD_20240726	UCD	Illumina	194158286	192170680	98.98	142.85	52.09	452964
UHM36.10832	WF22	UCB_20230815	UCB	Illumina	408605028	407421716	99.71	145.67	48.09	365465
UHM36.35750	WF22	UCD_20240726	UCD	Illumina	163296980	162221738	99.34	143.77	44.54	263456
UHM36.35751	WF22	UCD_20240726	UCD	Illumina	136714218	135962402	99.45	145.43	49.28	241622
UHM38.10833	WF22	UCB_20230815	UCB	Illumina	20692304	19980044	96.56	140.47	49.17	152968
UHM38.35752	WF22	UCD_20240726	UCD	Illumina	250706960	249742712	99.62	147.43	47.83	587944
UHM38.35753	WF22	UCD_20240726	UCD	Illumina	196100378	195025422	99.45	143.78	47.03	527639
UHM40.10834	WF22	UCD_AVITI_020824	UCD	AVITI	192513350	191152022	99.29	143.59	52.41	300973
UHM40.35754	WF22	UCD_20240726	UCD	Illumina	224232880	224042124	99.91	148.61	47.33	352740
UHM40.35755	WF22	UCD_20240726	UCD	Illumina	201625734	200097822	99.24	143.74	48.50	355286
UHM41.10835	WF22	UCD_AVITI_020824	UCD	AVITI	196326114	195097560	99.37	145.30	51.29	250582
UHM41.35756	WF22	UCD_20240726	UCD	Illumina	244261760	242820920	99.41	146.74	49.86	361238
UHM41.35757	WF22	UCD_20240726	UCD	Illumina	222501174	219984404	98.87	143.02	47.57	499531
UHM45.10838	WF22	UCD_20240326	UCD	Illumina	193305276	191916908	99.28	142.48	48.52	284974
UHM45.35758	WF22	UCD_20240726	UCD	Illumina	181345558	180463110	99.51	145.11	44.72	450471
UHM45.35759	WF22	UCD_20240726	UCD	Illumina	130257474	129291018	99.26	143.90	45.79	315075
UHM554.40991	WF23	UCB_20250426_M005990	UCB	Illumina	231745716	231064906	99.71	147.15	46.87	490431
UHM558.40992	WF23	UCB_20250426_M005990	UCB	Illumina	212641672	209527632	98.54	138.35	51.83	374579
UHM56.35760	WF22	UCD_20240726	UCD	Illumina	168455286	167530552	99.45	144.39	49.75	312301
UHM56.35761	WF22	UCD_20240726	UCD	Illumina	219267960	218039806	99.44	144.20	49.52	353630
UHM562.40993	WF23	UCB_20250426_M005990	UCB	Illumina	322460580	321881478	99.82	147.53	50.95	459143
UHM563.40994	WF23	UCB_20250426_M005990	UCB	Illumina	245616930	244323084	99.47	146.71	48.71	422857
UHM564.40995	WF23	UCB_20250426_M005990	UCB	Illumina	250425384	249141060	99.49	147.51	50.10	425432
UHM565.40996	WF23	UCB_20250426_M005990	UCB	Illumina	273764356	272466314	99.53	144.28	51.44	430858
UHM570.40997	WF23	UCB_20250426_M005990	UCB	Illumina	238111856	232959938	97.84	136.61	51.41	285876
UHM572.40998	WF23	UCB_20250426_M005990	UCB	Illumina	228479036	220762866	96.62	130.58	52.98	358720
UHM573.40999	WF23	UCB_20250426_M005990	UCB	Illumina	260852310	260492720	99.86	149.17	49.94	394975
UHM574.41000	WF24	UCB_20250426_M005990	UCB	Illumina	230398446	229643564	99.67	145.61	50.32	407865
UHM575.41001	WF24	UCB_20250426_M005990	UCB	Illumina	223837504	223455260	99.83	148.57	54.10	462100
UHM577.41002	WF24	UCB_20250426_M005990	UCB	Illumina	212115304	211415732	99.67	146.42	52.03	465590
UHM578.41003	WF24	UCB_20250426_M005990	UCB	Illumina	246971848	246556554	99.83	147.00	45.81	306660
UHM580.41004	WF24	UCB_20250426_M005990	UCB	Illumina	177509316	176663328	99.52	142.50	50.49	440637
UHM581.41005	WF24	UCB_20250426_M005990	UCB	Illumina	221834028	220961230	99.61	144.37	52.38	436475
UHM582.41006	WF24	UCB_20250426_M005990	UCB	Illumina	165024778	164627706	99.76	149.62	52.96	357006
UHM583.41007	WF24	UCB_20250426_M005990	UCB	Illumina	218192002	217395212	99.63	143.53	58.26	370541
UHM584.41008	WF24	UCB_20250426_M005990	UCB	Illumina	202642584	202142710	99.75	145.72	54.24	379975
UHM585.41009	WF24	UCB_20250426_M005990	UCB	Illumina	223650558	223248506	99.82	148.10	52.74	313220
UHM586.41010	WF24	UCB_20250426_M005990	UCB	Illumina	221043278	220778644	99.88	145.41	58.14	292633
UHM587.41011	WF24	UCB_20250426_M005990	UCB	Illumina	297298320	296802368	99.83	147.60	50.58	459812
UHM590.41012	WF24	UCB_20250426_M005990	UCB	Illumina	235503490	233525248	99.16	139.78	48.50	544594
UHM591.41013	WF24	UCB_20250426_M005990	UCB	Illumina	264828712	264710002	99.96	149.55	52.50	667254
UHM594.41014	WF24	UCB_20250426_M005990	UCB	Illumina	175821546	175416842	99.77	144.66	51.09	338683
UHM596.41015	WF24	UCB_20250426_M005990	UCB	Illumina	197353426	196990728	99.82	147.30	49.52	415208
UHM598.41016	WF24	UCB_20250426_M005990	UCB	Illumina	193423736	192905306	99.73	140.36	49.90	629719
UHM607.41017	WF24	UCB_20250426_M005990	UCB	Illumina	303034116	302900528	99.96	148.67	57.74	407223
UHM608.41018	WF24	UCB_20250426_M005990	UCB	Illumina	204467196	204354606	99.94	146.95	54.45	509171
UHM610.41019	WF24	UCB_20250426_M005990	UCB	Illumina	251393190	251316002	99.97	149.54	51.48	671362
UHM611.41020	WF24	UCB_20250426_M005990	UCB	Illumina	198311302	196282680	98.98	136.12	54.61	431504
UHM615.41021	WF24	UCB_20250426_M005990	UCB	Illumina	248010986	247685266	99.87	140.42	52.47	371959
UHM616.41022	WF24	UCB_20250426_M005990	UCB	Illumina	215598194	214397370	99.44	136.54	48.41	310972
UHM617.41023	WF24	UCB_20250730_M006342	UCB	Illumina	243338530	243119122	99.91	146.97	49.80	717825
UHM624.41024	WF24	UCB_20250730_M006342	UCB	Illumina	403152272	401284582	99.54	142.54	53.93	937413
UHM626.41025	WF24	UCB_20250730_M006342	UCB	Illumina	324678558	323308962	99.58	139.03	49.58	736470
UHM628.41026	WF24	UCB_20250730_M006342	UCB	Illumina	270680664	270355186	99.88	146.01	53.84	632991
UHM632.41027	WF24	UCB_20250730_M006342	UCB	Illumina	373584120	373251842	99.91	145.33	56.08	710775
UHM633.41028	WF24	UCB_20250730_M006342	UCB	Illumina	579800658	576700516	99.47	141.27	51.51	1172699
UHM634.41029	WF24	UCB_20250730_M006342	UCB	Illumina	244925792	244664186	99.89	146.38	52.40	688856
UHM636.41030	WF24	UCB_20250730_M006342	UCB	Illumina	321955070	321257182	99.78	140.20	45.59	756692
UHM644.41031	WF24	UCB_20250730_M006342	UCB	Illumina	280285932	279666188	99.78	143.07	48.46	821407
UHM648.41909	WF24	UCB_20250730_M006342	UCB	Illumina	262716036	262282766	99.84	144.35	50.71	855267
UHM649.41032	WF24	UCB_20250730_M006342	UCB	Illumina	274599538	273967394	99.77	147.13	52.12	944351
UHM656.41033	WF24	UCB_20250730_M006342	UCB	Illumina	197406514	196692030	99.64	146.32	50.58	682494
UHM666.41034	WF24	UCB_20250730_M006342	UCB	Illumina	208962418	208761350	99.90	149.09	51.65	860860
UHM72.35762	WF22	UCD_20240726	UCD	Illumina	257480296	257011102	99.82	148.87	51.81	355061
UHM72.35763	WF22	UCD_20240726	UCD	Illumina	159901028	159024558	99.45	146.67	52.48	250307
UHM72.35764	WF22	UCD_20240726	UCD	Illumina	218084934	217182600	99.59	147.52	54.04	383322
