stem	total_counts
UHM102.10840	117753810
UHM102.35766	240404725
UHM102.35767	193833139
UHM125.35768	115742422
UHM125.35769	219507553
UHM125.35770	254078838
UHM145.35771	233603719
UHM145.35772	260730959
UHM145.35773	199001796
UHM17.10826	267604956
UHM17.35739	134467558
UHM17.35740	195019667
UHM18.10827	180112265
UHM18.35741	210357795
UHM18.35742	208570196
UHM20.10828	360447736
UHM20.35743	185151187
UHM20.35744	177017680
UHM22.35745	142380965
UHM22.35746	177974955
UHM22.35747	150615911
UHM31.10830	119728831
UHM31.35748	148350198
UHM31.35749	186740175
UHM36.10832	394029882
UHM36.35750	158999741
UHM36.35751	133120996
UHM38.10833	21505990
UHM38.35752	240523454
UHM38.35753	190470097
UHM40.10834	188278766
UHM40.35754	215022921
UHM40.35755	194795152
UHM41.10835	191944829
UHM41.35756	235604208
UHM41.35757	214023081
UHM45.10838	188290315
UHM45.35758	174902046
UHM45.35759	126336015
UHM56.35760	159974843
UHM56.35761	210208074
UHM72.35762	245423664
UHM72.35763	154283764
UHM72.35764	209819647
UHM554.40991	231669636
UHM558.40992	211977658
UHM562.40993	323611478
UHM563.40994	240934786
UHM564.40995	256355575
UHM565.40996	268670614
UHM570.40997	234953030
UHM572.40998	225517110
UHM573.40999	258398864
UHM574.41000	227480371
UHM575.41001	221338947
UHM577.41002	208957585
UHM578.41003	243533018
UHM580.41004	175204912
UHM581.41005	219393467
UHM582.41006	170564948
UHM583.41007	217835269
UHM584.41008	200787606
UHM585.41009	221031588
UHM586.41010	220584963
UHM587.41011	296341545
UHM590.41012	230679333
UHM591.41013	259888149
UHM594.41014	173521731
UHM596.41015	200307243
UHM598.41016	192786189
UHM607.41017	306543333
UHM608.41018	202531269
UHM610.41019	248570709
UHM611.41020	202242539
UHM615.41021	247360470
UHM616.41022	213893831
UHM617.41023	239786893
UHM624.41024	395694457
UHM626.41025	324815618
UHM628.41026	266187260
UHM632.41027	369366051
UHM633.41028	572461984
UHM634.41029	240801778
UHM636.41030	316318895
UHM644.41031	276253889
UHM648.41909	254746124
UHM649.41032	266722532
UHM656.41033	193006232
UHM666.41034	201298466
