stem	cohort	pct_reads_K	pct_reads_KWP	pct_reads_U	pct_rpk_U
UHM102.10840	WF22	79.75	6.42	13.82	32.27
UHM102.35766	WF22	88.83	5.07	6.11	17.06
UHM102.35767	WF22	82.25	5.26	12.49	30.64
UHM125.35768	WF22	89.60	4.57	5.83	16.90
UHM125.35769	WF22	86.64	4.86	8.50	23.39
UHM125.35770	WF22	83.95	4.94	11.11	29.21
UHM145.35771	WF22	91.70	3.42	4.88	14.59
UHM145.35772	WF22	90.87	3.99	5.13	14.90
UHM145.35773	WF22	89.46	4.29	6.26	17.50
UHM17.10826	WF22	90.16	4.26	5.57	16.36
UHM17.35739	WF22	89.65	4.24	6.11	17.23
UHM17.35740	WF22	84.98	4.62	10.39	26.57
UHM18.10827	WF22	89.43	4.62	5.94	17.01
UHM18.35741	WF22	89.21	4.95	5.84	16.38
UHM18.35742	WF22	85.59	4.93	9.48	24.04
UHM20.10828	WF22	90.54	3.96	5.50	16.39
UHM20.35743	WF22	88.72	5.13	6.15	17.02
UHM20.35744	WF22	84.19	4.97	10.84	27.25
UHM22.35745	WF22	92.32	3.29	4.39	13.68
UHM22.35746	WF22	91.09	3.66	5.25	15.60
UHM22.35747	WF22	90.14	4.56	5.30	15.63
UHM31.10830	WF22	87.03	5.20	7.77	21.49
UHM31.35748	WF22	87.32	5.23	7.45	20.73
UHM31.35749	WF22	83.06	5.02	11.92	29.24
UHM36.10832	WF22	89.16	4.67	6.18	18.15
UHM36.35750	WF22	87.94	5.72	6.34	17.47
UHM36.35751	WF22	89.19	4.95	5.86	16.64
UHM38.10833	WF22	84.40	5.84	9.76	25.34
UHM38.35752	WF22	87.98	4.95	7.07	19.41
UHM38.35753	WF22	87.15	4.99	7.86	20.92
UHM40.10834	WF22	91.67	3.59	4.74	14.34
UHM40.35754	WF22	89.61	4.70	5.69	16.43
UHM40.35755	WF22	89.28	4.57	6.15	17.61
UHM41.10835	WF22	91.28	3.78	4.94	14.86
UHM41.35756	WF22	90.61	4.13	5.26	15.86
UHM41.35757	WF22	85.57	4.56	9.86	25.94
UHM45.10838	WF22	90.75	4.07	5.18	15.31
UHM45.35758	WF22	87.48	4.78	7.74	20.65
UHM45.35759	WF22	88.87	4.92	6.21	17.33
UHM56.35760	WF22	83.76	5.08	11.16	28.85
UHM56.35761	WF22	88.50	4.38	7.12	20.36
UHM72.35762	WF22	92.12	3.16	4.72	13.66
UHM72.35763	WF22	92.38	3.23	4.39	13.50
UHM72.35764	WF22	92.07	3.25	4.68	14.08
UHM554.40991	WF23	88.96	4.94	6.10	17.68
UHM558.40992	WF23	87.30	4.73	7.97	21.91
UHM562.40993	WF23	89.55	4.54	5.91	16.91
UHM563.40994	WF23	89.95	4.52	5.53	16.47
UHM564.40995	WF23	89.75	4.54	5.71	16.69
UHM565.40996	WF23	90.14	4.08	5.77	16.81
UHM570.40997	WF23	90.10	4.18	5.72	16.61
UHM572.40998	WF23	87.24	4.78	7.98	21.74
UHM573.40999	WF23	89.29	4.78	5.93	17.14
UHM574.41000	WF24	90.89	3.86	5.25	15.73
UHM575.41001	WF24	89.76	4.29	5.95	16.79
UHM577.41002	WF24	90.30	3.89	5.81	16.97
UHM578.41003	WF24	89.91	5.15	4.94	14.81
UHM580.41004	WF24	89.91	3.46	6.63	18.78
UHM581.41005	WF24	91.02	3.81	5.18	14.94
UHM582.41006	WF24	90.71	3.84	5.45	15.62
UHM583.41007	WF24	89.93	4.27	5.80	15.87
UHM584.41008	WF24	90.44	3.48	6.07	17.33
UHM585.41009	WF24	92.13	3.27	4.60	14.13
UHM586.41010	WF24	91.10	4.01	4.88	13.92
UHM587.41011	WF24	91.14	3.33	5.53	16.64
UHM590.41012	WF24	87.17	3.72	9.11	24.06
UHM591.41013	WF24	90.72	3.62	5.66	16.48
UHM594.41014	WF24	87.28	3.16	9.56	25.24
UHM596.41015	WF24	87.13	4.55	8.32	22.45
UHM598.41016	WF24	84.46	5.65	9.89	24.29
UHM607.41017	WF24	90.72	3.95	5.33	15.04
UHM608.41018	WF24	90.44	4.05	5.51	15.80
UHM610.41019	WF24	89.50	4.24	6.26	17.75
UHM611.41020	WF24	89.66	4.13	6.21	17.58
UHM615.41021	WF24	91.57	3.57	4.85	14.68
UHM616.41022	WF24	86.92	4.36	8.72	23.78
UHM617.41023	WF24	87.28	3.67	9.05	23.97
UHM624.41024	WF24	86.50	4.26	9.24	24.39
UHM626.41025	WF24	87.41	4.91	7.68	20.78
UHM628.41026	WF24	89.09	3.93	6.99	19.22
UHM632.41027	WF24	88.42	4.92	6.67	17.34
UHM633.41028	WF24	85.72	3.75	10.53	25.73
UHM634.41029	WF24	87.59	3.65	8.76	23.36
UHM636.41030	WF24	78.97	4.90	16.13	38.12
UHM644.41031	WF24	88.09	5.53	6.38	17.52
UHM648.41909	WF24	86.73	3.76	9.51	23.81
UHM649.41032	WF24	88.72	4.94	6.34	16.85
UHM656.41033	WF24	89.38	5.01	5.60	16.23
UHM666.41034	WF24	88.60	3.90	7.50	20.53
