stem	cohort	records	mapped_primary	fraction
UHM102.10840	WF22	121601066	117753810	0.9684
UHM102.35766	WF22	249960002	240404725	0.9618
UHM102.35767	WF22	206599034	193833139	0.9382
UHM125.35768	WF22	120026236	115742422	0.9643
UHM125.35769	WF22	231754706	219507553	0.9472
UHM125.35770	WF22	275270042	254078838	0.9230
UHM145.35771	WF22	242174300	233603719	0.9646
UHM145.35772	WF22	269679806	260730959	0.9668
UHM145.35773	WF22	207133194	199001796	0.9607
UHM17.10826	WF22	279636438	267604956	0.9570
UHM17.35739	WF22	139411796	134467558	0.9645
UHM17.35740	WF22	202363712	195019667	0.9637
UHM18.10827	WF22	188143154	180112265	0.9573
UHM18.35741	WF22	215924766	210357795	0.9742
UHM18.35742	WF22	215919334	208570196	0.9660
UHM20.10828	WF22	381625180	360447736	0.9445
UHM20.35743	WF22	191734872	185151187	0.9657
UHM20.35744	WF22	185867306	177017680	0.9524
UHM22.35745	WF22	150302920	142380965	0.9473
UHM22.35746	WF22	186415008	177974955	0.9547
UHM22.35747	WF22	156323304	150615911	0.9635
UHM31.10830	WF22	127014306	119728831	0.9426
UHM31.35748	WF22	152733568	148350198	0.9713
UHM31.35749	WF22	195206500	186740175	0.9566
UHM36.10832	WF22	410352120	394029882	0.9602
UHM36.35750	WF22	164440752	158999741	0.9669
UHM36.35751	WF22	138104228	133120996	0.9639
UHM38.10833	WF22	22652488	21505990	0.9494
UHM38.35752	WF22	252724398	240523454	0.9517
UHM38.35753	WF22	196752814	190470097	0.9681
UHM40.10834	WF22	193534666	188278766	0.9728
UHM40.35754	WF22	224873540	215022921	0.9562
UHM40.35755	WF22	203086826	194795152	0.9592
UHM41.10835	WF22	197211532	191944829	0.9733
UHM41.35756	WF22	245604964	235604208	0.9593
UHM41.35757	WF22	223327560	214023081	0.9583
UHM45.10838	WF22	194307686	188290315	0.9690
UHM45.35758	WF22	182258054	174902046	0.9596
UHM45.35759	WF22	130867860	126336015	0.9654
UHM56.35760	WF22	169082682	159974843	0.9461
UHM56.35761	WF22	219682886	210208074	0.9569
UHM72.35762	WF22	258179136	245423664	0.9506
UHM72.35763	WF22	160361352	154283764	0.9621
UHM72.35764	WF22	218984620	209819647	0.9581
UHM554.40991	WF23	241608228	231669636	0.9589
UHM558.40992	WF23	219870914	211977658	0.9641
UHM562.40993	WF23	336600650	323611478	0.9614
UHM563.40994	WF23	250798740	240934786	0.9607
UHM564.40995	WF23	268389448	256355575	0.9552
UHM565.40996	WF23	277065210	268670614	0.9697
UHM570.40997	WF23	241711004	234953030	0.9720
UHM572.40998	WF23	231711758	225517110	0.9733
UHM573.40999	WF23	270545272	258398864	0.9551
UHM574.41000	WF24	234758118	227480371	0.9690
UHM575.41001	WF24	229593370	221338947	0.9640
UHM577.41002	WF24	215416394	208957585	0.9700
UHM578.41003	WF24	251267894	243533018	0.9692
UHM580.41004	WF24	179799500	175204912	0.9744
UHM581.41005	WF24	225108934	219393467	0.9746
UHM582.41006	WF24	178562882	170564948	0.9552
UHM583.41007	WF24	221715830	217835269	0.9825
UHM584.41008	WF24	205271260	200787606	0.9782
UHM585.41009	WF24	226839400	221031588	0.9744
UHM586.41010	WF24	224991916	220584963	0.9804
UHM587.41011	WF24	307698872	296341545	0.9631
UHM590.41012	WF24	238389466	230679333	0.9677
UHM591.41013	WF24	268777134	259888149	0.9669
UHM594.41014	WF24	178222914	173521731	0.9736
UHM596.41015	WF24	207441922	200307243	0.9656
UHM598.41016	WF24	200219852	192786189	0.9629
UHM607.41017	WF24	315458454	306543333	0.9717
UHM608.41018	WF24	207922168	202531269	0.9741
UHM610.41019	WF24	259524380	248570709	0.9578
UHM611.41020	WF24	206689798	202242539	0.9785
UHM615.41021	WF24	253068194	247360470	0.9774
UHM616.41022	WF24	220377308	213893831	0.9706
UHM617.41023	WF24	249230282	239786893	0.9621
UHM624.41024	WF24	412976092	395694457	0.9582
UHM626.41025	WF24	333636868	324815618	0.9736
UHM628.41026	WF24	275882804	266187260	0.9649
UHM632.41027	WF24	380023798	369366051	0.9720
UHM633.41028	WF24	596917960	572461984	0.9590
UHM634.41029	WF24	251530146	240801778	0.9573
UHM636.41030	WF24	326300686	316318895	0.9694
UHM644.41031	WF24	285502752	276253889	0.9676
UHM648.41909	WF24	266980056	254746124	0.9542
UHM649.41032	WF24	280507754	266722532	0.9509
UHM656.41033	WF24	201506718	193006232	0.9578
UHM666.41034	WF24	212776396	201298466	0.9461
