group	proteins_sampled	clusters_mean	clusters_min	clusters_max
WF22	100000	91877.0	91803	91985
WF22	250000	206832.66666666666	206689	207006
WF22	500000	357898.0	357604	358126
WF22	1000000	575130.6666666666	574832	575698
WF22	2000000	860929.3333333334	860441	861767
WF22	3000000	1066380.0	1065664	1067442
WF22	3600000	1169993.0	1169196	1171009
WF22	5000000	1378569.6666666667	1378087	1379137
WF22	7500000	1683886.3333333333	1683181	1684448
WF22	10000000	1940954.0	1940627	1941600
WF22	15000000	2376022.6666666665	2375940	2376074
WF22	16000000	2454713.0	2454664	2454754
WF23	100000	92084.66666666667	92064	92119
WF23	250000	206899.0	206825	206941
WF23	500000	356680.3333333333	356505	356822
WF23	1000000	568134.3333333334	567824	568507
WF23	2000000	844665.3333333334	844293	845129
WF23	3000000	1051361.3333333333	1051199	1051538
WF23	3600000	1159335.3333333333	1159271	1159406
WF24	100000	94741.33333333333	94648	94903
WF24	250000	220229.33333333334	219897	220613
WF24	500000	397102.6666666667	396557	397829
WF24	1000000	673529.6666666666	672891	673980
WF24	2000000	1070147.6666666667	1069340	1070779
WF24	3000000	1369352.3333333333	1368525	1369859
WF24	3600000	1524250.0	1523423	1524768
WF24	5000000	1841649.3333333333	1841376	1842009
WF24	7500000	2315850.0	2315687	2315991
WF24	10000000	2719989.6666666665	2719112	2720807
WF24	15000000	3412153.6666666665	3410687	3413637
WF24	16000000	3537935.6666666665	3536525	3539527
WF24	20000000	4010132.6666666665	4009999	4010250
POOLED	100000	94869	94869	94869
POOLED	250000	221298	221298	221298
POOLED	500000	402535	402535	402535
POOLED	1000000	692969	692969	692969
POOLED	2000000	1121043	1121043	1121043
POOLED	3000000	1449334	1449334	1449334
POOLED	3600000	1618341	1618341	1618341
POOLED	5000000	1960111	1960111	1960111
POOLED	7500000	2461705	2461705	2461705
POOLED	10000000	2882035	2882035	2882035
POOLED	15000000	3592821	3592821	3592821
POOLED	16000000	3721029	3721029	3721029
POOLED	20000000	4200459	4200459	4200459
POOLED	25000000	4742756	4742756	4742756
POOLED	30000000	5239248	5239248	5239248
POOLED	35000000	5701035	5701035	5701035
POOLED	40000000	6135777	6135777	6135777
POOLED	40550595	6182117	6182117	6182117
