stem	R1	R2
UHM102.10840	/bigdata/stajichlab/shared/projects/Herptile/Metagenome/Fecal/input/UCB_20230815/UHM102_S42_L004_R1_001.fastq.gz	/bigdata/stajichlab/shared/projects/Herptile/Metagenome/Fecal/input/UCB_20230815/UHM102_S42_L004_R2_001.fastq.gz
UHM102.35766	/bigdata/stajichlab/shared/projects/Herptile/Metagenome/Fecal/input/UCD_20240726/UCD_20240726__LS_3_10251_R1.fastq.gz	/bigdata/stajichlab/shared/projects/Herptile/Metagenome/Fecal/input/UCD_20240726/UCD_20240726__LS_3_10251_R2.fastq.gz
UHM102.35767	/bigdata/stajichlab/shared/projects/Herptile/Metagenome/Fecal/input/UCD_20240726/UCD_20240726__LS_3_10253_R1.fastq.gz	/bigdata/stajichlab/shared/projects/Herptile/Metagenome/Fecal/input/UCD_20240726/UCD_20240726__LS_3_10253_R2.fastq.gz
UHM125.35768	/bigdata/stajichlab/shared/projects/Herptile/Metagenome/Fecal/input/UCD_20240726/UCD_20240726__LS_3_12527_R1.fastq.gz	/bigdata/stajichlab/shared/projects/Herptile/Metagenome/Fecal/input/UCD_20240726/UCD_20240726__LS_3_12527_R2.fastq.gz
UHM125.35769	/bigdata/stajichlab/shared/projects/Herptile/Metagenome/Fecal/input/UCD_20240726/UCD_20240726__LS_4_12529_R1.fastq.gz	/bigdata/stajichlab/shared/projects/Herptile/Metagenome/Fecal/input/UCD_20240726/UCD_20240726__LS_4_12529_R2.fastq.gz
UHM125.35770	/bigdata/stajichlab/shared/projects/Herptile/Metagenome/Fecal/input/UCD_20240726/UCD_20240726__LS_4_12531_R1.fastq.gz	/bigdata/stajichlab/shared/projects/Herptile/Metagenome/Fecal/input/UCD_20240726/UCD_20240726__LS_4_12531_R2.fastq.gz
UHM145.35771	/bigdata/stajichlab/shared/projects/Herptile/Metagenome/Fecal/input/UCD_20240726/UCD_20240726__LS_4_14521_R1.fastq.gz	/bigdata/stajichlab/shared/projects/Herptile/Metagenome/Fecal/input/UCD_20240726/UCD_20240726__LS_4_14521_R2.fastq.gz
UHM145.35772	/bigdata/stajichlab/shared/projects/Herptile/Metagenome/Fecal/input/UCD_20240726/UCD_20240726__LS_4_14523_R1.fastq.gz	/bigdata/stajichlab/shared/projects/Herptile/Metagenome/Fecal/input/UCD_20240726/UCD_20240726__LS_4_14523_R2.fastq.gz
UHM145.35773	/bigdata/stajichlab/shared/projects/Herptile/Metagenome/Fecal/input/UCD_20240726/UCD_20240726__LS_4_14525_R1.fastq.gz	/bigdata/stajichlab/shared/projects/Herptile/Metagenome/Fecal/input/UCD_20240726/UCD_20240726__LS_4_14525_R2.fastq.gz
UHM17.10826	/bigdata/stajichlab/shared/projects/Herptile/Metagenome/Fecal/input/UCB_20230815/UHM17_S33_L004_R1_001.fastq.gz	/bigdata/stajichlab/shared/projects/Herptile/Metagenome/Fecal/input/UCB_20230815/UHM17_S33_L004_R2_001.fastq.gz
UHM17.35739	/bigdata/stajichlab/shared/projects/Herptile/Metagenome/Fecal/input/UCD_20240722/UCD_20240722__LS_1_1700_R1.fastq.gz	/bigdata/stajichlab/shared/projects/Herptile/Metagenome/Fecal/input/UCD_20240722/UCD_20240722__LS_1_1700_R2.fastq.gz
UHM17.35740	/bigdata/stajichlab/shared/projects/Herptile/Metagenome/Fecal/input/UCD_20240722/UCD_20240722__LS_1_1702_R1.fastq.gz	/bigdata/stajichlab/shared/projects/Herptile/Metagenome/Fecal/input/UCD_20240722/UCD_20240722__LS_1_1702_R2.fastq.gz
UHM18.10827	/bigdata/stajichlab/shared/projects/Herptile/Metagenome/Fecal/input/UCB_20230815/UHM18_S34_L004_R1_001.fastq.gz	/bigdata/stajichlab/shared/projects/Herptile/Metagenome/Fecal/input/UCB_20230815/UHM18_S34_L004_R2_001.fastq.gz
UHM18.35741	/bigdata/stajichlab/shared/projects/Herptile/Metagenome/Fecal/input/UCD_20240722/UCD_20240722__LS_1_1837_R1.fastq.gz	/bigdata/stajichlab/shared/projects/Herptile/Metagenome/Fecal/input/UCD_20240722/UCD_20240722__LS_1_1837_R2.fastq.gz
UHM18.35742	/bigdata/stajichlab/shared/projects/Herptile/Metagenome/Fecal/input/UCD_20240722/UCD_20240722__LS_1_1839_R1.fastq.gz	/bigdata/stajichlab/shared/projects/Herptile/Metagenome/Fecal/input/UCD_20240722/UCD_20240722__LS_1_1839_R2.fastq.gz
UHM20.10828	/bigdata/stajichlab/shared/projects/Herptile/Metagenome/Fecal/input/UCB_20230815/UHM20_S35_L004_R1_001.fastq.gz	/bigdata/stajichlab/shared/projects/Herptile/Metagenome/Fecal/input/UCB_20230815/UHM20_S35_L004_R2_001.fastq.gz
UHM20.35743	/bigdata/stajichlab/shared/projects/Herptile/Metagenome/Fecal/input/UCD_20240722/UCD_20240722__LS_1_2041_R1.fastq.gz	/bigdata/stajichlab/shared/projects/Herptile/Metagenome/Fecal/input/UCD_20240722/UCD_20240722__LS_1_2041_R2.fastq.gz
UHM20.35744	/bigdata/stajichlab/shared/projects/Herptile/Metagenome/Fecal/input/UCD_20240722/UCD_20240722__LS_1_2043_R1.fastq.gz	/bigdata/stajichlab/shared/projects/Herptile/Metagenome/Fecal/input/UCD_20240722/UCD_20240722__LS_1_2043_R2.fastq.gz
UHM22.35745	/bigdata/stajichlab/shared/projects/Herptile/Metagenome/Fecal/input/UCD_20240722/UCD_20240722__LS_1_2255_R1.fastq.gz	/bigdata/stajichlab/shared/projects/Herptile/Metagenome/Fecal/input/UCD_20240722/UCD_20240722__LS_1_2255_R2.fastq.gz
UHM22.35746	/bigdata/stajichlab/shared/projects/Herptile/Metagenome/Fecal/input/UCD_20240722/UCD_20240722__LS_1_2257_R1.fastq.gz	/bigdata/stajichlab/shared/projects/Herptile/Metagenome/Fecal/input/UCD_20240722/UCD_20240722__LS_1_2257_R2.fastq.gz
UHM22.35747	/bigdata/stajichlab/shared/projects/Herptile/Metagenome/Fecal/input/UCD_20240722/UCD_20240722__LS_1_2259_R1.fastq.gz	/bigdata/stajichlab/shared/projects/Herptile/Metagenome/Fecal/input/UCD_20240722/UCD_20240722__LS_1_2259_R2.fastq.gz
UHM31.10830	/bigdata/stajichlab/shared/projects/Herptile/Metagenome/Fecal/input/UCB_20230815/UHM31_S37_L004_R1_001.fastq.gz	/bigdata/stajichlab/shared/projects/Herptile/Metagenome/Fecal/input/UCB_20230815/UHM31_S37_L004_R2_001.fastq.gz
UHM31.35748	/bigdata/stajichlab/shared/projects/Herptile/Metagenome/Fecal/input/UCD_20240722/UCD_20240722__LS_1_3161_R1.fastq.gz	/bigdata/stajichlab/shared/projects/Herptile/Metagenome/Fecal/input/UCD_20240722/UCD_20240722__LS_1_3161_R2.fastq.gz
UHM31.35749	/bigdata/stajichlab/shared/projects/Herptile/Metagenome/Fecal/input/UCD_20240726/UCD_20240726__LS_2_3163_R1.fastq.gz	/bigdata/stajichlab/shared/projects/Herptile/Metagenome/Fecal/input/UCD_20240726/UCD_20240726__LS_2_3163_R2.fastq.gz
UHM36.10832	/bigdata/stajichlab/shared/projects/Herptile/Metagenome/Fecal/input/UCB_20230815/UHM36_S38_L004_R1_001.fastq.gz	/bigdata/stajichlab/shared/projects/Herptile/Metagenome/Fecal/input/UCB_20230815/UHM36_S38_L004_R2_001.fastq.gz
UHM36.35750	/bigdata/stajichlab/shared/projects/Herptile/Metagenome/Fecal/input/UCD_20240726/UCD_20240726__LS_2_3605_R1.fastq.gz	/bigdata/stajichlab/shared/projects/Herptile/Metagenome/Fecal/input/UCD_20240726/UCD_20240726__LS_2_3605_R2.fastq.gz
UHM36.35751	/bigdata/stajichlab/shared/projects/Herptile/Metagenome/Fecal/input/UCD_20240726/UCD_20240726__LS_2_3607_R1.fastq.gz	/bigdata/stajichlab/shared/projects/Herptile/Metagenome/Fecal/input/UCD_20240726/UCD_20240726__LS_2_3607_R2.fastq.gz
UHM38.10833	/bigdata/stajichlab/shared/projects/Herptile/Metagenome/Fecal/input/UCB_20230815/UHM38_S39_L004_R1_001.fastq.gz	/bigdata/stajichlab/shared/projects/Herptile/Metagenome/Fecal/input/UCB_20230815/UHM38_S39_L004_R2_001.fastq.gz
UHM38.35752	/bigdata/stajichlab/shared/projects/Herptile/Metagenome/Fecal/input/UCD_20240726/UCD_20240726__LS_2_3817_R1.fastq.gz	/bigdata/stajichlab/shared/projects/Herptile/Metagenome/Fecal/input/UCD_20240726/UCD_20240726__LS_2_3817_R2.fastq.gz
UHM38.35753	/bigdata/stajichlab/shared/projects/Herptile/Metagenome/Fecal/input/UCD_20240726/UCD_20240726__LS_2_3819_R1.fastq.gz	/bigdata/stajichlab/shared/projects/Herptile/Metagenome/Fecal/input/UCD_20240726/UCD_20240726__LS_2_3819_R2.fastq.gz
UHM40.10834	/bigdata/stajichlab/shared/projects/Herptile/Metagenome/Fecal/input/UCD_AVITI_020824/UHM40_R1.fastq.gz	/bigdata/stajichlab/shared/projects/Herptile/Metagenome/Fecal/input/UCD_AVITI_020824/UHM40_R2.fastq.gz
UHM40.35754	/bigdata/stajichlab/shared/projects/Herptile/Metagenome/Fecal/input/UCD_20240726/UCD_20240726__LS_2_4009_R1.fastq.gz	/bigdata/stajichlab/shared/projects/Herptile/Metagenome/Fecal/input/UCD_20240726/UCD_20240726__LS_2_4009_R2.fastq.gz
UHM40.35755	/bigdata/stajichlab/shared/projects/Herptile/Metagenome/Fecal/input/UCD_20240726/UCD_20240726__LS_2_4011_R1.fastq.gz	/bigdata/stajichlab/shared/projects/Herptile/Metagenome/Fecal/input/UCD_20240726/UCD_20240726__LS_2_4011_R2.fastq.gz
UHM41.10835	/bigdata/stajichlab/shared/projects/Herptile/Metagenome/Fecal/input/UCD_AVITI_020824/UHM41_R1.fastq.gz	/bigdata/stajichlab/shared/projects/Herptile/Metagenome/Fecal/input/UCD_AVITI_020824/UHM41_R2.fastq.gz
UHM41.35756	/bigdata/stajichlab/shared/projects/Herptile/Metagenome/Fecal/input/UCD_20240726/UCD_20240726__LS_2_4165_R1.fastq.gz	/bigdata/stajichlab/shared/projects/Herptile/Metagenome/Fecal/input/UCD_20240726/UCD_20240726__LS_2_4165_R2.fastq.gz
UHM41.35757	/bigdata/stajichlab/shared/projects/Herptile/Metagenome/Fecal/input/UCD_20240726/UCD_20240726__LS_2_4167_R1.fastq.gz	/bigdata/stajichlab/shared/projects/Herptile/Metagenome/Fecal/input/UCD_20240726/UCD_20240726__LS_2_4167_R2.fastq.gz
UHM45.10838	/bigdata/stajichlab/shared/projects/Herptile/Metagenome/Fecal/input/UCD_20240326/UHM45_R1.fastq.gz	/bigdata/stajichlab/shared/projects/Herptile/Metagenome/Fecal/input/UCD_20240326/UHM45_R2.fastq.gz
UHM45.35758	/bigdata/stajichlab/shared/projects/Herptile/Metagenome/Fecal/input/UCD_20240726/UCD_20240726__LS_2_4533_R1.fastq.gz	/bigdata/stajichlab/shared/projects/Herptile/Metagenome/Fecal/input/UCD_20240726/UCD_20240726__LS_2_4533_R2.fastq.gz
UHM45.35759	/bigdata/stajichlab/shared/projects/Herptile/Metagenome/Fecal/input/UCD_20240726/UCD_20240726__LS_3_4535_R1.fastq.gz	/bigdata/stajichlab/shared/projects/Herptile/Metagenome/Fecal/input/UCD_20240726/UCD_20240726__LS_3_4535_R2.fastq.gz
UHM56.35760	/bigdata/stajichlab/shared/projects/Herptile/Metagenome/Fecal/input/UCD_20240726/UCD_20240726__LS_3_5613_R1.fastq.gz	/bigdata/stajichlab/shared/projects/Herptile/Metagenome/Fecal/input/UCD_20240726/UCD_20240726__LS_3_5613_R2.fastq.gz
UHM56.35761	/bigdata/stajichlab/shared/projects/Herptile/Metagenome/Fecal/input/UCD_20240726/UCD_20240726__LS_3_5615_R1.fastq.gz	/bigdata/stajichlab/shared/projects/Herptile/Metagenome/Fecal/input/UCD_20240726/UCD_20240726__LS_3_5615_R2.fastq.gz
UHM72.35762	/bigdata/stajichlab/shared/projects/Herptile/Metagenome/Fecal/input/UCD_20240726/UCD_20240726__LS_3_7245_R1.fastq.gz	/bigdata/stajichlab/shared/projects/Herptile/Metagenome/Fecal/input/UCD_20240726/UCD_20240726__LS_3_7245_R2.fastq.gz
UHM72.35763	/bigdata/stajichlab/shared/projects/Herptile/Metagenome/Fecal/input/UCD_20240726/UCD_20240726__LS_3_7247_R1.fastq.gz	/bigdata/stajichlab/shared/projects/Herptile/Metagenome/Fecal/input/UCD_20240726/UCD_20240726__LS_3_7247_R2.fastq.gz
UHM72.35764	/bigdata/stajichlab/shared/projects/Herptile/Metagenome/Fecal/input/UCD_20240726/UCD_20240726__LS_3_7269_R1.fastq.gz	/bigdata/stajichlab/shared/projects/Herptile/Metagenome/Fecal/input/UCD_20240726/UCD_20240726__LS_3_7269_R2.fastq.gz
UHM554.40991	/bigdata/stajichlab/shared/projects/Herptile/Metagenome/Fecal/input/UCB_20250426_M005990/UHM554_S1_R1_001.fastq.gz	/bigdata/stajichlab/shared/projects/Herptile/Metagenome/Fecal/input/UCB_20250426_M005990/UHM554_S1_R2_001.fastq.gz
UHM558.40992	/bigdata/stajichlab/shared/projects/Herptile/Metagenome/Fecal/input/UCB_20250426_M005990/UHM558_S2_R1_001.fastq.gz	/bigdata/stajichlab/shared/projects/Herptile/Metagenome/Fecal/input/UCB_20250426_M005990/UHM558_S2_R2_001.fastq.gz
UHM562.40993	/bigdata/stajichlab/shared/projects/Herptile/Metagenome/Fecal/input/UCB_20250426_M005990/UHM562_S3_R1_001.fastq.gz	/bigdata/stajichlab/shared/projects/Herptile/Metagenome/Fecal/input/UCB_20250426_M005990/UHM562_S3_R2_001.fastq.gz
UHM563.40994	/bigdata/stajichlab/shared/projects/Herptile/Metagenome/Fecal/input/UCB_20250426_M005990/UHM563_S4_R1_001.fastq.gz	/bigdata/stajichlab/shared/projects/Herptile/Metagenome/Fecal/input/UCB_20250426_M005990/UHM563_S4_R2_001.fastq.gz
UHM564.40995	/bigdata/stajichlab/shared/projects/Herptile/Metagenome/Fecal/input/UCB_20250426_M005990/UHM564_S5_R1_001.fastq.gz	/bigdata/stajichlab/shared/projects/Herptile/Metagenome/Fecal/input/UCB_20250426_M005990/UHM564_S5_R2_001.fastq.gz
UHM565.40996	/bigdata/stajichlab/shared/projects/Herptile/Metagenome/Fecal/input/UCB_20250426_M005990/UHM565_S6_R1_001.fastq.gz	/bigdata/stajichlab/shared/projects/Herptile/Metagenome/Fecal/input/UCB_20250426_M005990/UHM565_S6_R2_001.fastq.gz
UHM570.40997	/bigdata/stajichlab/shared/projects/Herptile/Metagenome/Fecal/input/UCB_20250426_M005990/UHM570_S7_R1_001.fastq.gz	/bigdata/stajichlab/shared/projects/Herptile/Metagenome/Fecal/input/UCB_20250426_M005990/UHM570_S7_R2_001.fastq.gz
UHM572.40998	/bigdata/stajichlab/shared/projects/Herptile/Metagenome/Fecal/input/UCB_20250426_M005990/UHM572_S8_R1_001.fastq.gz	/bigdata/stajichlab/shared/projects/Herptile/Metagenome/Fecal/input/UCB_20250426_M005990/UHM572_S8_R2_001.fastq.gz
UHM573.40999	/bigdata/stajichlab/shared/projects/Herptile/Metagenome/Fecal/input/UCB_20250426_M005990/UHM573_S9_R1_001.fastq.gz	/bigdata/stajichlab/shared/projects/Herptile/Metagenome/Fecal/input/UCB_20250426_M005990/UHM573_S9_R2_001.fastq.gz
UHM574.41000	/bigdata/stajichlab/shared/projects/Herptile/Metagenome/Fecal/input/UCB_20250426_M005990/UHM574_S10_R1_001.fastq.gz	/bigdata/stajichlab/shared/projects/Herptile/Metagenome/Fecal/input/UCB_20250426_M005990/UHM574_S10_R2_001.fastq.gz
UHM575.41001	/bigdata/stajichlab/shared/projects/Herptile/Metagenome/Fecal/input/UCB_20250426_M005990/UHM575_S11_R1_001.fastq.gz	/bigdata/stajichlab/shared/projects/Herptile/Metagenome/Fecal/input/UCB_20250426_M005990/UHM575_S11_R2_001.fastq.gz
UHM577.41002	/bigdata/stajichlab/shared/projects/Herptile/Metagenome/Fecal/input/UCB_20250426_M005990/UHM577_S12_R1_001.fastq.gz	/bigdata/stajichlab/shared/projects/Herptile/Metagenome/Fecal/input/UCB_20250426_M005990/UHM577_S12_R2_001.fastq.gz
UHM578.41003	/bigdata/stajichlab/shared/projects/Herptile/Metagenome/Fecal/input/UCB_20250426_M005990/UHM578_S13_R1_001.fastq.gz	/bigdata/stajichlab/shared/projects/Herptile/Metagenome/Fecal/input/UCB_20250426_M005990/UHM578_S13_R2_001.fastq.gz
UHM580.41004	/bigdata/stajichlab/shared/projects/Herptile/Metagenome/Fecal/input/UCB_20250426_M005990/UHM580_S14_R1_001.fastq.gz	/bigdata/stajichlab/shared/projects/Herptile/Metagenome/Fecal/input/UCB_20250426_M005990/UHM580_S14_R2_001.fastq.gz
UHM581.41005	/bigdata/stajichlab/shared/projects/Herptile/Metagenome/Fecal/input/UCB_20250426_M005990/UHM581_S15_R1_001.fastq.gz	/bigdata/stajichlab/shared/projects/Herptile/Metagenome/Fecal/input/UCB_20250426_M005990/UHM581_S15_R2_001.fastq.gz
UHM582.41006	/bigdata/stajichlab/shared/projects/Herptile/Metagenome/Fecal/input/UCB_20250426_M005990/UHM582_S16_R1_001.fastq.gz	/bigdata/stajichlab/shared/projects/Herptile/Metagenome/Fecal/input/UCB_20250426_M005990/UHM582_S16_R2_001.fastq.gz
UHM583.41007	/bigdata/stajichlab/shared/projects/Herptile/Metagenome/Fecal/input/UCB_20250426_M005990/UHM583_S17_R1_001.fastq.gz	/bigdata/stajichlab/shared/projects/Herptile/Metagenome/Fecal/input/UCB_20250426_M005990/UHM583_S17_R2_001.fastq.gz
UHM584.41008	/bigdata/stajichlab/shared/projects/Herptile/Metagenome/Fecal/input/UCB_20250426_M005990/UHM584_S18_R1_001.fastq.gz	/bigdata/stajichlab/shared/projects/Herptile/Metagenome/Fecal/input/UCB_20250426_M005990/UHM584_S18_R2_001.fastq.gz
UHM585.41009	/bigdata/stajichlab/shared/projects/Herptile/Metagenome/Fecal/input/UCB_20250426_M005990/UHM585_S19_R1_001.fastq.gz	/bigdata/stajichlab/shared/projects/Herptile/Metagenome/Fecal/input/UCB_20250426_M005990/UHM585_S19_R2_001.fastq.gz
UHM586.41010	/bigdata/stajichlab/shared/projects/Herptile/Metagenome/Fecal/input/UCB_20250426_M005990/UHM586_S20_R1_001.fastq.gz	/bigdata/stajichlab/shared/projects/Herptile/Metagenome/Fecal/input/UCB_20250426_M005990/UHM586_S20_R2_001.fastq.gz
UHM587.41011	/bigdata/stajichlab/shared/projects/Herptile/Metagenome/Fecal/input/UCB_20250426_M005990/UHM587_S21_R1_001.fastq.gz	/bigdata/stajichlab/shared/projects/Herptile/Metagenome/Fecal/input/UCB_20250426_M005990/UHM587_S21_R2_001.fastq.gz
UHM590.41012	/bigdata/stajichlab/shared/projects/Herptile/Metagenome/Fecal/input/UCB_20250426_M005990/UHM590_S22_R1_001.fastq.gz	/bigdata/stajichlab/shared/projects/Herptile/Metagenome/Fecal/input/UCB_20250426_M005990/UHM590_S22_R2_001.fastq.gz
UHM591.41013	/bigdata/stajichlab/shared/projects/Herptile/Metagenome/Fecal/input/UCB_20250426_M005990/UHM591_S23_R1_001.fastq.gz	/bigdata/stajichlab/shared/projects/Herptile/Metagenome/Fecal/input/UCB_20250426_M005990/UHM591_S23_R2_001.fastq.gz
UHM594.41014	/bigdata/stajichlab/shared/projects/Herptile/Metagenome/Fecal/input/UCB_20250426_M005990/UHM594_S24_R1_001.fastq.gz	/bigdata/stajichlab/shared/projects/Herptile/Metagenome/Fecal/input/UCB_20250426_M005990/UHM594_S24_R2_001.fastq.gz
UHM596.41015	/bigdata/stajichlab/shared/projects/Herptile/Metagenome/Fecal/input/UCB_20250426_M005990/UHM596_S25_R1_001.fastq.gz	/bigdata/stajichlab/shared/projects/Herptile/Metagenome/Fecal/input/UCB_20250426_M005990/UHM596_S25_R2_001.fastq.gz
UHM598.41016	/bigdata/stajichlab/shared/projects/Herptile/Metagenome/Fecal/input/UCB_20250426_M005990/UHM598_S26_R1_001.fastq.gz	/bigdata/stajichlab/shared/projects/Herptile/Metagenome/Fecal/input/UCB_20250426_M005990/UHM598_S26_R2_001.fastq.gz
UHM607.41017	/bigdata/stajichlab/shared/projects/Herptile/Metagenome/Fecal/input/UCB_20250426_M005990/UHM607_S27_R1_001.fastq.gz	/bigdata/stajichlab/shared/projects/Herptile/Metagenome/Fecal/input/UCB_20250426_M005990/UHM607_S27_R2_001.fastq.gz
UHM608.41018	/bigdata/stajichlab/shared/projects/Herptile/Metagenome/Fecal/input/UCB_20250426_M005990/UHM608_S28_R1_001.fastq.gz	/bigdata/stajichlab/shared/projects/Herptile/Metagenome/Fecal/input/UCB_20250426_M005990/UHM608_S28_R2_001.fastq.gz
UHM610.41019	/bigdata/stajichlab/shared/projects/Herptile/Metagenome/Fecal/input/UCB_20250426_M005990/UHM610_S29_R1_001.fastq.gz	/bigdata/stajichlab/shared/projects/Herptile/Metagenome/Fecal/input/UCB_20250426_M005990/UHM610_S29_R2_001.fastq.gz
UHM611.41020	/bigdata/stajichlab/shared/projects/Herptile/Metagenome/Fecal/input/UCB_20250426_M005990/UHM611_S30_R1_001.fastq.gz	/bigdata/stajichlab/shared/projects/Herptile/Metagenome/Fecal/input/UCB_20250426_M005990/UHM611_S30_R2_001.fastq.gz
UHM615.41021	/bigdata/stajichlab/shared/projects/Herptile/Metagenome/Fecal/input/UCB_20250426_M005990/UHM615_S31_R1_001.fastq.gz	/bigdata/stajichlab/shared/projects/Herptile/Metagenome/Fecal/input/UCB_20250426_M005990/UHM615_S31_R2_001.fastq.gz
UHM616.41022	/bigdata/stajichlab/shared/projects/Herptile/Metagenome/Fecal/input/UCB_20250426_M005990/UHM616_S32_R1_001.fastq.gz	/bigdata/stajichlab/shared/projects/Herptile/Metagenome/Fecal/input/UCB_20250426_M005990/UHM616_S32_R2_001.fastq.gz
UHM617.41023	/bigdata/stajichlab/shared/projects/Herptile/Metagenome/Fecal/input/UCB_20250730_M006342/UHM617_S1_L008_R1_001.fastq.gz	/bigdata/stajichlab/shared/projects/Herptile/Metagenome/Fecal/input/UCB_20250730_M006342/UHM617_S1_L008_R2_001.fastq.gz
UHM624.41024	/bigdata/stajichlab/shared/projects/Herptile/Metagenome/Fecal/input/UCB_20250730_M006342/UHM624_S2_L008_R1_001.fastq.gz	/bigdata/stajichlab/shared/projects/Herptile/Metagenome/Fecal/input/UCB_20250730_M006342/UHM624_S2_L008_R2_001.fastq.gz
UHM626.41025	/bigdata/stajichlab/shared/projects/Herptile/Metagenome/Fecal/input/UCB_20250730_M006342/UHM626_S3_L008_R1_001.fastq.gz	/bigdata/stajichlab/shared/projects/Herptile/Metagenome/Fecal/input/UCB_20250730_M006342/UHM626_S3_L008_R2_001.fastq.gz
UHM628.41026	/bigdata/stajichlab/shared/projects/Herptile/Metagenome/Fecal/input/UCB_20250730_M006342/UHM628_S17_L008_R1_001.fastq.gz	/bigdata/stajichlab/shared/projects/Herptile/Metagenome/Fecal/input/UCB_20250730_M006342/UHM628_S17_L008_R2_001.fastq.gz
UHM632.41027	/bigdata/stajichlab/shared/projects/Herptile/Metagenome/Fecal/input/UCB_20250730_M006342/UHM632_S18_L008_R1_001.fastq.gz	/bigdata/stajichlab/shared/projects/Herptile/Metagenome/Fecal/input/UCB_20250730_M006342/UHM632_S18_L008_R2_001.fastq.gz
UHM633.41028	/bigdata/stajichlab/shared/projects/Herptile/Metagenome/Fecal/input/UCB_20250730_M006342/UHM633_S4_L008_R1_001.fastq.gz	/bigdata/stajichlab/shared/projects/Herptile/Metagenome/Fecal/input/UCB_20250730_M006342/UHM633_S4_L008_R2_001.fastq.gz
UHM634.41029	/bigdata/stajichlab/shared/projects/Herptile/Metagenome/Fecal/input/UCB_20250730_M006342/UHM634_S5_L008_R1_001.fastq.gz	/bigdata/stajichlab/shared/projects/Herptile/Metagenome/Fecal/input/UCB_20250730_M006342/UHM634_S5_L008_R2_001.fastq.gz
UHM636.41030	/bigdata/stajichlab/shared/projects/Herptile/Metagenome/Fecal/input/UCB_20250730_M006342/UHM636_S6_L008_R1_001.fastq.gz	/bigdata/stajichlab/shared/projects/Herptile/Metagenome/Fecal/input/UCB_20250730_M006342/UHM636_S6_L008_R2_001.fastq.gz
UHM644.41031	/bigdata/stajichlab/shared/projects/Herptile/Metagenome/Fecal/input/UCB_20250730_M006342/UHM644_S7_L008_R1_001.fastq.gz	/bigdata/stajichlab/shared/projects/Herptile/Metagenome/Fecal/input/UCB_20250730_M006342/UHM644_S7_L008_R2_001.fastq.gz
UHM648.41909	/bigdata/stajichlab/shared/projects/Herptile/Metagenome/Fecal/input/UCB_20250730_M006342/UHM648_S8_L008_R1_001.fastq.gz	/bigdata/stajichlab/shared/projects/Herptile/Metagenome/Fecal/input/UCB_20250730_M006342/UHM648_S8_L008_R2_001.fastq.gz
UHM649.41032	/bigdata/stajichlab/shared/projects/Herptile/Metagenome/Fecal/input/UCB_20250730_M006342/UHM649_S9_L008_R1_001.fastq.gz	/bigdata/stajichlab/shared/projects/Herptile/Metagenome/Fecal/input/UCB_20250730_M006342/UHM649_S9_L008_R2_001.fastq.gz
UHM656.41033	/bigdata/stajichlab/shared/projects/Herptile/Metagenome/Fecal/input/UCB_20250730_M006342/UHM656_S10_L008_R1_001.fastq.gz	/bigdata/stajichlab/shared/projects/Herptile/Metagenome/Fecal/input/UCB_20250730_M006342/UHM656_S10_L008_R2_001.fastq.gz
UHM666.41034	/bigdata/stajichlab/shared/projects/Herptile/Metagenome/Fecal/input/UCB_20250730_M006342/UHM666_S11_L008_R1_001.fastq.gz	/bigdata/stajichlab/shared/projects/Herptile/Metagenome/Fecal/input/UCB_20250730_M006342/UHM666_S11_L008_R2_001.fastq.gz
