stem	wf_year	prediction_batch	n_proteins	contig_bytes
UHM554.40991	WF23	preexisting	490431	108706715
UHM558.40992	WF23	preexisting	374579	92566127
UHM562.40993	WF23	preexisting	459143	102325844
UHM563.40994	WF23	preexisting	422857	100828250
UHM564.40995	WF23	preexisting	425432	97311086
UHM565.40996	WF23	preexisting	430858	93353527
UHM570.40997	WF23	preexisting	285876	64881582
UHM572.40998	WF23	preexisting	358720	76168011
UHM573.40999	WF23	preexisting	394975	89008098
UHM574.41000	WF24	preexisting	407865	88174161
UHM575.41001	WF24	preexisting	462100	97084094
UHM577.41002	WF24	preexisting	465590	99356781
UHM578.41003	WF24	preexisting	306660	68017960
UHM580.41004	WF24	preexisting	440637	89386140
UHM581.41005	WF24	preexisting	436475	95310573
UHM582.41006	WF24	preexisting	357006	84082781
UHM583.41007	WF24	preexisting	370541	74572337
UHM584.41008	WF24	preexisting	379975	78861238
UHM585.41009	WF24	new_2026	313220	64619467
UHM586.41010	WF24	preexisting	292633	66699988
UHM587.41011	WF24	preexisting	459812	100759163
UHM590.41012	WF24	preexisting	544594	111923597
UHM591.41013	WF24	preexisting	667254	143217729
UHM594.41014	WF24	preexisting	338683	72504031
UHM596.41015	WF24	preexisting	415208	88834089
UHM598.41016	WF24	preexisting	629719	149337169
UHM607.41017	WF24	preexisting	407223	87942894
UHM608.41018	WF24	preexisting	509171	117285246
UHM610.41019	WF24	preexisting	671362	141513328
UHM611.41020	WF24	preexisting	431504	95566151
UHM615.41021	WF24	preexisting	371959	82190705
UHM616.41022	WF24	preexisting	310972	64889091
UHM617.41023	WF24	new_2026	717825	151728642
UHM624.41024	WF24	new_2026	937413	195943723
UHM626.41025	WF24	new_2026	736470	159610561
UHM628.41026	WF24	new_2026	632991	137889183
UHM632.41027	WF24	new_2026	710775	NA
UHM633.41028	WF24	new_2026	1172699	263980139
UHM634.41029	WF24	new_2026	688856	149674379
UHM636.41030	WF24	new_2026	756692	163266063
UHM644.41031	WF24	new_2026	821407	184803005
UHM648.41909	WF24	new_2026	855267	193326862
UHM649.41032	WF24	new_2026	944351	211180676
UHM656.41033	WF24	new_2026	682494	145260098
UHM666.41034	WF24	new_2026	860860	191733071
